id;title;description;due
1;mobile Fish;../fake-data/blob/hipster.txt;2019-09-02T21:57:54
2;Savings Account Dam;../fake-data/blob/hipster.txt;2019-09-03T14:16:41
3;Trace;../fake-data/blob/hipster.txt;2019-09-03T08:40:07
4;Metal deposit;../fake-data/blob/hipster.txt;2019-09-03T15:19:25
5;transmitter Implementation Electronics;../fake-data/blob/hipster.txt;2019-09-02T16:51:53
6;Money Market Account;../fake-data/blob/hipster.txt;2019-09-03T01:59:53
7;Grocery Home;../fake-data/blob/hipster.txt;2019-09-03T04:04:59
8;enable Gorgeous Frozen Pants;../fake-data/blob/hipster.txt;2019-09-03T11:05:28
9;Licensed Savings Account;../fake-data/blob/hipster.txt;2019-09-03T07:29:55
10;Planner Canyon;../fake-data/blob/hipster.txt;2019-09-02T20:02:21
